Elo(538-MOV)_weight,IP_weight,AUC,Brier
0.187,0.813,0.6211751086751087,0.2373194703049666
0.186,0.8140000000000001,0.6212010962010962,0.2373194732338385
0.188,0.812,0.6211302211302212,0.2373194963445718
0.185,0.815,0.6212743337743337,0.23731950513118744
0.189,0.8109999999999999,0.621064071064071,0.23731955135265412
0.184,0.8160000000000001,0.6213050463050462,0.2373195659970135
0.19,0.81,0.6210262710262711,0.23731963532921346
0.183,0.817,0.6213333963333963,0.2373196558313166
0.191,0.8089999999999999,0.6209790209790209,0.23731974827424993
0.182,0.8180000000000001,0.6214349839349839,0.2373197746340968
0.192,0.808,0.620931770931771,0.23731989018776342
0.181,0.819,0.6214751464751465,0.2373199224053541
0.193,0.8069999999999999,0.6208490833490834,0.23732006106975398
0.18,0.8200000000000001,0.6215318465318466,0.23732009914508848
0.194,0.806,0.6208136458136457,0.23732026092022174
0.179,0.821,0.6215790965790966,0.2373203048532999
0.195,0.8049999999999999,0.6207711207711208,0.2373204897391665
0.178,0.8220000000000001,0.6216287091287092,0.23732053952998847
0.196,0.804,0.6207285957285957,0.23732074752658835
0.177,0.823,0.6216570591570592,0.23732080317515403
0.197,0.8029999999999999,0.6206506331506332,0.2373210342824873
0.176,0.8240000000000001,0.6216783216783217,0.23732109578879676
0.198,0.802,0.6206010206010206,0.2373213500068633
0.17500000000000002,0.825,0.6217208467208467,0.23732141737091655
0.199,0.8009999999999999,0.620541958041958,0.23732169469971634
0.17400000000000002,0.826,0.6217279342279343,0.23732176792151335
0.2,0.8,0.6205041580041579,0.23732206836104655
0.17300000000000001,0.827,0.6217846342846343,0.23732214744058736
0.201,0.7989999999999999,0.6204758079758079,0.23732247099085382
0.17200000000000001,0.828,0.6218460593460593,0.23732255592813833
0.202,0.798,0.6203694953694954,0.23732290258913818
0.171,0.829,0.621924021924022,0.23732299338416643
0.203,0.7969999999999999,0.6202726327726328,0.23732336315589958
0.17,0.83,0.621999621999622,0.23732345980867162
0.20400000000000001,0.796,0.6202253827253827,0.23732385269113807
0.169,0.831,0.622056322056322,0.23732395520165386
0.20500000000000002,0.7949999999999999,0.6201615951615952,0.23732437119485367
0.168,0.832,0.6221059346059347,0.23732447956311323
0.20600000000000002,0.794,0.6201214326214326,0.23732491866704628
0.167,0.833,0.6221673596673597,0.23732503289304968
0.20700000000000002,0.7929999999999999,0.6200741825741826,0.23732549510771606
0.166,0.834,0.6222429597429597,0.2373256151914632
0.20800000000000002,0.792,0.62002457002457,0.23732610051686287
0.165,0.835,0.6222807597807598,0.23732622645835372
0.209,0.791,0.6200033075033076,0.23732673489448683
0.164,0.836,0.6223516348516348,0.2373268666937214
0.21,0.79,0.61995841995842,0.23732739824058777
0.163,0.837,0.6224106974106973,0.23732753589756614
0.211,0.789,0.6199040824040825,0.23732809055516582
0.162,0.838,0.6224626724626725,0.23732823406988796
0.212,0.788,0.6198521073521074,0.237328811838221
0.161,0.839,0.6225382725382724,0.23732896121068686
0.213,0.787,0.6197954072954073,0.23732956208975323
0.16,0.84,0.6225642600642601,0.23732971731996289
0.214,0.786,0.6197387072387073,0.23733034130976255
0.159,0.841,0.6226044226044226,0.23733050239771597
0.215,0.785,0.6196749196749196,0.23733114949824896
0.158,0.842,0.6226256851256851,0.23733131644394612
0.216,0.784,0.6196442071442072,0.2373319866552124
0.157,0.843,0.6226729351729352,0.23733215945865335
0.217,0.783,0.6196040446040446,0.23733285278065297
0.156,0.844,0.6227296352296352,0.23733303144183768
0.218,0.782,0.619544982044982,0.2373337478745706
0.155,0.845,0.6227485352485352,0.23733393239349904
0.219,0.781,0.619493006993007,0.23733467193696528
0.154,0.846,0.6228099603099603,0.23733486231363754
0.22,0.78,0.6194032319032319,0.2373356249678371
0.153,0.847,0.6228619353619353,0.2373358212022531
0.221,0.779,0.6193630693630694,0.23733660696718598
0.152,0.848,0.622883197883198,0.23733680905934576
0.222,0.778,0.6193323568323569,0.23733761793501196
0.151,0.849,0.622949347949348,0.23733782588491545
0.223,0.777,0.6192803817803818,0.237338657871315
0.15,0.85,0.6229942354942355,0.23733887167896223
0.224,0.776,0.6192284067284067,0.2373397267760951
0.149,0.851,0.623006048006048,0.23733994644148615
0.225,0.775,0.6191693441693442,0.2373408246493523
0.148,0.852,0.623020223020223,0.23734105017248708
0.226,0.774,0.6190890190890191,0.23734195149108658
0.147,0.853,0.623100548100548,0.23734218287196518
0.227,0.773,0.6190181440181439,0.23734310730129796
0.146,0.854,0.6231359856359856,0.2373433445399203
0.228,0.772,0.618989793989794,0.23734429207998645
0.145,0.855,0.6231926856926857,0.23734453517635248
0.229,0.771,0.6189449064449064,0.23734550582715194
0.14400000000000002,0.856,0.6232281232281233,0.2373457547812618
0.23,0.77,0.6188787563787563,0.23734674854279456
0.14300000000000002,0.857,0.6232871857871858,0.23734700335464817
0.231,0.769,0.6188173313173313,0.23734802022691426
0.14200000000000002,0.858,0.6233344358344358,0.2373482808965116
0.232,0.768,0.6187677187677189,0.23734932087951105
0.14100000000000001,0.859,0.6233415233415234,0.23734958740685216
0.233,0.767,0.6187204687204688,0.23735065050058493
0.14,0.86,0.6234053109053108,0.23735092288566978
0.234,0.766,0.6186873936873938,0.23735200909013582
0.139,0.861,0.6234785484785486,0.23735228733296448
0.23500000000000001,0.765,0.6186117936117936,0.23735339664816385
0.138,0.862,0.6235588735588736,0.23735368074873625
0.23600000000000002,0.764,0.6185503685503685,0.23735481317466894
0.137,0.863,0.623589586089586,0.23735510313298508
0.23700000000000002,0.763,0.6184865809865809,0.2373562586696511
0.136,0.864,0.6236155736155736,0.23735655448571105
0.23800000000000002,0.762,0.6184416934416934,0.23735773313311037
0.135,0.865,0.6236557361557362,0.2373580348069141
0.23900000000000002,0.761,0.6183873558873558,0.23735923656504676
0.134,0.866,0.6237124362124362,0.23735954409659415
0.24,0.76,0.6183471933471933,0.23736076896546013
0.133,0.867,0.6237620487620488,0.23736108235475137
0.241,0.759,0.6182904932904933,0.23736233033435067
0.132,0.868,0.6238234738234738,0.23736264958138564
0.242,0.758,0.6182432432432432,0.23736392067171824
0.131,0.869,0.6238352863352863,0.23736424577649698
0.243,0.757,0.6181652806652806,0.2373655399775629
0.13,0.87,0.6238589113589114,0.23736587094008543
0.244,0.756,0.6180944055944056,0.23736718825188466
0.129,0.871,0.6239226989226989,0.23736752507215092
0.245,0.755,0.618044793044793,0.2373688654946835
0.128,0.872,0.6239439614439615,0.2373692081726935
0.246,0.754,0.618002268002268,0.2373705717059594
0.127,0.873,0.6239864864864865,0.23737092024171316
0.247,0.753,0.6179432054432055,0.2373723068857124
0.126,0.874,0.624078624078624,0.23737266127920992
0.248,0.752,0.6179290304290304,0.23737407103394248
0.125,0.875,0.6241447741447741,0.2373744312851838
0.249,0.751,0.617898317898318,0.23737586415064965
0.124,0.876,0.6242156492156492,0.23737623025963467
0.25,0.75,0.6178628803628803,0.23737768623583386
0.123,0.877,0.6242936117936119,0.23737805820256266
0.251,0.749,0.6178061803061803,0.23737953728949518
0.122,0.878,0.6243479493479493,0.23737991511396775
0.252,0.748,0.6177471177471178,0.23738141731163362
0.121,0.879,0.6244235494235494,0.23738180099384992
0.253,0.747,0.6177353052353052,0.23738332630224906
0.12,0.88,0.6244660744660746,0.2373837158422091
0.254,0.746,0.6177140427140426,0.2373852642613416
0.11900000000000001,0.881,0.6244849744849745,0.23738565965904548
0.255,0.745,0.6176384426384427,0.23738723118891125
0.11800000000000001,0.882,0.6245227745227746,0.23738763244435887
0.256,0.744,0.6175959175959176,0.23738922708495797
0.117,0.883,0.624586562086562,0.23738963419814937
0.257,0.743,0.61756048006048,0.23739125194948177
0.116,0.884,0.6246219996219996,0.23739166492041688
0.258,0.742,0.6174777924777924,0.2373933057824827
0.115,0.885,0.6246952371952372,0.2373937246111616
0.259,0.741,0.6174092799092799,0.23739538858396064
0.114,0.886,0.6247164997164998,0.23739581327038328
0.26,0.74,0.6173384048384047,0.23739750035391569
0.113,0.887,0.6247684747684747,0.23739793089808212
0.261,0.739,0.6172651672651672,0.23739964109234787
0.112,0.888,0.6248511623511623,0.23740007749425798
0.262,0.738,0.6172415422415423,0.23740181079925704
0.111,0.889,0.6248936873936874,0.23740225305891094
0.263,0.737,0.6171753921753922,0.23740400947464332
0.11,0.89,0.624957474957475,0.23740445759204098
0.264,0.736,0.6171139671139672,0.2374062371185067
0.109,0.891,0.6250023625023624,0.23740669109364815
0.265,0.735,0.6170312795312796,0.23740849373084716
0.108,0.892,0.6250259875259875,0.23740895356373237
0.266,0.734,0.616967491967492,0.2374107793116647
0.107,0.893,0.6250590625590625,0.23741124500229369
0.267,0.733,0.6169013419013418,0.2374130938609593
0.106,0.894,0.6250756000756001,0.23741356540933203
0.268,0.732,0.6168351918351919,0.23741543737873103
0.105,0.895,0.6250992250992251,0.23741591478484753
0.269,0.731,0.6167572292572292,0.23741780986497982
0.10400000000000001,0.896,0.6251181251181251,0.23741829312884005
0.27,0.73,0.6166910791910792,0.23742021131970564
0.10300000000000001,0.897,0.6251842751842752,0.23742070044130964
0.271,0.729,0.6166225666225666,0.23742264174290856
0.10200000000000001,0.898,0.6252433377433377,0.23742313672225634
0.272,0.728,0.616535154035154,0.23742510113458862
0.101,0.899,0.6252527877527877,0.23742560197168014
0.273,0.727,0.616487903987904,0.23742758949474577
0.1,0.9,0.6253071253071254,0.23742809618958102
0.274,0.726,0.6163910413910414,0.23743010682337992
0.099,0.901,0.6253638253638254,0.23743061937595897
0.275,0.725,0.6163319788319788,0.23743265312049117
0.098,0.902,0.6253803628803629,0.237433171530814
0.276,0.724,0.6162445662445664,0.23743522838607953
0.097,0.903,0.6254016254016255,0.2374357526541461
0.277,0.723,0.6161666036666036,0.23743783262014492
0.096,0.904,0.625474862974863,0.23743836274595526
0.278,0.722,0.6161429786429786,0.23744046582268746
0.095,0.905,0.625522113022113,0.2374410018062415
0.279,0.721,0.6160957285957286,0.23744312799370704
0.094,0.906,0.6255740880740881,0.2374436698350049
0.28,0.72,0.6160484785484786,0.2374458191332037
0.093,0.907,0.6256355131355131,0.23744636683224538
0.281,0.719,0.615998865998866,0.23744853924117748
0.092,0.908,0.6256804006804007,0.23744909279796284
0.28200000000000003,0.718,0.6159563409563409,0.23745128831762827
0.091,0.909,0.6256969381969382,0.23745184773215747
0.28300000000000003,0.717,0.6158878283878283,0.2374540663625562
0.09,0.91,0.6257371007371008,0.23745463163482913
0.28400000000000003,0.716,0.6158476658476658,0.23745687337596122
0.089,0.911,0.6257961632961633,0.2374574445059779
0.28500000000000003,0.715,0.6157767907767908,0.2374597093578433
0.088,0.912,0.6258150633150633,0.23746028634560373
0.28600000000000003,0.714,0.6157106407106407,0.23746257430820247
0.08700000000000001,0.913,0.6258575883575884,0.23746315715370667
0.28700000000000003,0.713,0.6156468531468532,0.2374654682270387
0.08600000000000001,0.914,0.625907200907201,0.2374660569302867
0.28800000000000003,0.712,0.6155996030996032,0.237468391114352
0.085,0.915,0.6259686259686259,0.23746898567534372
0.289,0.7110000000000001,0.615524003024003,0.23747134297014244
0.084,0.916,0.626001701001701,0.23747194338887792
0.29,0.71,0.615448402948403,0.2374743237944099
0.083,0.917,0.6260087885087885,0.23747493007088913
0.291,0.7090000000000001,0.6153893403893405,0.2374773335871545
0.082,0.918,0.6260276885276885,0.23747794572137748
0.292,0.708,0.6153633528633529,0.23748037234837613
0.081,0.919,0.6260702135702136,0.2374809903403429
0.293,0.7070000000000001,0.6153350028350029,0.23748344007807484
0.08,0.92,0.6261174636174636,0.23748406392778534
0.294,0.706,0.6152617652617652,0.2374865367762507
0.079,0.921,0.6261647136647137,0.23748716648370496
0.295,0.7050000000000001,0.6152097902097902,0.23748966244290354
0.078,0.922,0.6262025137025137,0.2374902980081016
0.296,0.704,0.6151483651483651,0.2374928170780335
0.077,0.923,0.6262639387639388,0.2374934585009753
0.297,0.7030000000000001,0.6150562275562275,0.23749600068164056
0.076,0.924,0.6262922887922889,0.2374966479623261
0.298,0.702,0.6149806274806274,0.23749921325372472
0.075,0.925,0.6263230013230013,0.237499866392154
0.299,0.7010000000000001,0.6149451899451899,0.23750245479428594
0.074,0.926,0.6263986013986014,0.23750311379045902
0.3,0.7,0.6149192024192024,0.23750572530332426
0.073,0.927,0.6264340389340389,0.23750639015724107
0.301,0.6990000000000001,0.6148979398979398,0.23750902478083963
0.07200000000000001,0.9279999999999999,0.6264765639765639,0.23750969549250017
0.302,0.698,0.6148506898506898,0.23751235322683206
0.07100000000000001,0.929,0.6265049140049139,0.2375130297962364
0.303,0.6970000000000001,0.6147916272916273,0.23751571064130156
0.07,0.9299999999999999,0.6265568890568891,0.23751639306844974
0.304,0.696,0.6147632772632772,0.2375190970242482
0.069,0.931,0.6266301266301266,0.23751978530914009
0.305,0.6950000000000001,0.6146853146853147,0.23752251237567193
0.068,0.9319999999999999,0.6266679266679267,0.23752320651830758
0.306,0.694,0.6146522396522396,0.2375259566955727
0.067,0.933,0.6267317142317141,0.23752665669595208
0.307,0.6930000000000001,0.6145766395766397,0.23752942998395055
0.066,0.9339999999999999,0.6267884142884143,0.23753013584207372
0.308,0.692,0.614536477036477,0.23753293224080552
0.065,0.935,0.6268191268191268,0.23753364395667245
0.309,0.6910000000000001,0.6144963144963145,0.23753646346613755
0.064,0.9359999999999999,0.6268474768474769,0.23753718103974825
0.31,0.69,0.6144396144396145,0.23754002365994664
0.063,0.937,0.6269112644112644,0.2375407470913011
0.311,0.6890000000000001,0.6143829143829145,0.23754361282223282
0.062,0.938,0.6269254394254394,0.23754434211133107
0.312,0.688,0.6143356643356643,0.23754723095299615
0.061,0.9390000000000001,0.626956151956152,0.23754796609983808
0.313,0.687,0.6142482517482517,0.23755087805223649
0.06,0.94,0.6269963144963144,0.2375516190568222
0.314,0.6859999999999999,0.6142246267246266,0.23755455411995388
0.059000000000000004,0.941,0.6270530145530145,0.2375553009822834
0.315,0.685,0.6141537516537516,0.2375582591561484
0.058,0.942,0.627079002079002,0.23755901187622164
0.316,0.6839999999999999,0.6140687015687015,0.23756199316082005
0.057,0.943,0.6270955395955395,0.23756275173863706
0.317,0.683,0.614014364014364,0.2375657561339687
0.056,0.944,0.6271404271404272,0.23756652056952943
0.318,0.6819999999999999,0.6140025515025516,0.23756954807559447
0.055,0.945,0.6271947646947647,0.237570318368899
0.319,0.681,0.6139883764883765,0.23757336898569734
0.054,0.946,0.6272491022491022,0.2375741451367456
0.32,0.6799999999999999,0.6139647514647515,0.2375772188642772
0.053,0.947,0.6273199773199774,0.2375780008730693
0.321,0.679,0.613934038934039,0.23758109771133418
0.052000000000000005,0.948,0.6273719523719524,0.23758188557787005
0.322,0.6779999999999999,0.6138702513702513,0.23758500552686834
0.051000000000000004,0.949,0.6274168399168399,0.23758579925114787
0.323,0.677,0.6138513513513514,0.23758894231087943
0.05,0.95,0.6274475524475525,0.2375897418929028
0.324,0.6759999999999999,0.6137993762993763,0.2375929080633677
0.049,0.951,0.6274759024759025,0.23759371350313482
0.325,0.675,0.6137426762426763,0.23759690278433307
0.048,0.952,0.62755859005859,0.23759771408184394
0.326,0.6739999999999999,0.613648176148176,0.23760092647377548
0.047,0.953,0.6276152901152902,0.23760174362903003
0.327,0.673,0.6136032886032885,0.23760497913169495
0.046,0.954,0.6277192402192402,0.23760580214469332
0.328,0.6719999999999999,0.6135324135324135,0.23760906075809152
0.045,0.955,0.6277641277641278,0.23760988962883361
0.329,0.671,0.613473350973351,0.23761317135296514
0.044,0.956,0.6277712152712153,0.237614006081451
0.33,0.6699999999999999,0.6134190134190134,0.23761731091631588
0.043000000000000003,0.957,0.6277853902853903,0.23761815150254553
0.331,0.669,0.6133481383481385,0.2376214794481437
0.042,0.958,0.6278350028350028,0.23762232589211715
0.332,0.6679999999999999,0.6132961632961633,0.2376256769484486
0.041,0.959,0.6278798903798903,0.2376265292501658
0.333,0.667,0.6132489132489132,0.2376299034172306
0.04,0.96,0.6278917028917029,0.23763076157669147
0.334,0.6659999999999999,0.6132040257040257,0.23763415885448966
0.039,0.961,0.627938952938953,0.23763502287169433
0.335,0.665,0.6131544131544131,0.23763844326022576
0.038,0.962,0.627990927990928,0.23763931313517425
0.336,0.6639999999999999,0.6130717255717255,0.23764275663443898
0.037,0.963,0.6280263655263656,0.23764363236713124
0.337,0.663,0.613012663012663,0.2376470989771293
0.036000000000000004,0.964,0.6280877905877906,0.23764798056756528
0.338,0.6619999999999999,0.6129347004347004,0.23765147028829667
0.035,0.965,0.6281114156114156,0.23765235773647644
0.339,0.661,0.612880362880363,0.23765587056794116
0.034,0.966,0.6281539406539407,0.23765676387386467
0.34,0.6599999999999999,0.6128000378000379,0.23766029981606268
0.033,0.967,0.6281988281988281,0.23766119897972995
0.341,0.659,0.6127173502173502,0.23766475803266132
0.032,0.968,0.6282342657342658,0.23766566305407236
0.342,0.6579999999999999,0.6126890001890002,0.23766924521773702
0.031,0.969,0.6282437157437157,0.2376701560968918
0.343,0.657,0.6126559251559252,0.23767376137128984
0.03,0.97,0.6282673407673408,0.23767467810818835
0.34400000000000003,0.6559999999999999,0.6126039501039502,0.2376783064933197
0.029,0.971,0.6283264033264033,0.23767922908796196
0.34500000000000003,0.655,0.6125307125307125,0.23768288058382667
0.028,0.972,0.6283618408618409,0.2376838090362127
0.34600000000000003,0.6539999999999999,0.6124834624834625,0.23768748364281067
0.027,0.973,0.6283854658854658,0.2376884179529405
0.34700000000000003,0.653,0.6124598374598375,0.2376921156702718
0.026000000000000002,0.974,0.628437440937441,0.23769305583814537
0.34800000000000003,0.6519999999999999,0.6124125874125874,0.23769677666620997
0.025,0.975,0.628461065961066,0.23769772269182732
0.34900000000000003,0.651,0.6123676998676999,0.23770146663062527
0.024,0.976,0.6284681534681535,0.23770241851398635
0.35000000000000003,0.6499999999999999,0.6122802872802873,0.23770618556351758
0.023,0.977,0.6285272160272161,0.23770714330462245
0.35100000000000003,0.649,0.6122023247023247,0.23771093346488703
0.022,0.978,0.6285673785673787,0.23771189706373566
0.352,0.648,0.6121810621810622,0.23771571033473357
0.021,0.979,0.6285839160839162,0.23771667979132594
0.353,0.647,0.6121456246456246,0.23772051617305717
0.02,0.98,0.6286736911736912,0.2377214914873933
0.354,0.646,0.6120794745794745,0.23772535097985786
0.019,0.981,0.6287327537327537,0.23772633215193775
0.355,0.645,0.612034587034587,0.23773021475513562
0.018000000000000002,0.982,0.6287941787941788,0.2377312017849593
0.356,0.644,0.6119896994896994,0.23773510749889043
0.017,0.983,0.6288390663390664,0.2377361003864579
0.357,0.643,0.6119471744471745,0.23774002921112236
0.016,0.984,0.6288839538839539,0.2377410279564336
0.358,0.642,0.6118692118692118,0.2377449798918314
0.015,0.985,0.6289312039312039,0.23774598449488638
0.359,0.641,0.6118408618408618,0.23774995954101744
0.014,0.986,0.6289855414855414,0.23775097000181622
0.36,0.64,0.6118101493101493,0.2377549681586807
0.013000000000000001,0.987,0.6290469665469666,0.2377559844772231
0.361,0.639,0.6117652617652618,0.23776000574482092
0.012,0.988,0.6290942165942166,0.23776102792110715
0.362,0.638,0.6117227367227367,0.2377650722994382
0.011,0.989,0.6291461916461917,0.2377661003334682
0.363,0.637,0.6116518616518616,0.23777016782253266
0.01,0.99,0.6291627291627292,0.23777120171430643
0.364,0.636,0.6115857115857116,0.2377752923141041
0.009000000000000001,0.991,0.6292265167265167,0.23777633206362164
0.365,0.635,0.6115195615195614,0.23778044577415272
0.008,0.992,0.6292997542997543,0.23778149138141402
0.366,0.634,0.611498298998299,0.2377856282026784
0.007,0.993,0.6293446418446418,0.2377866796676834
0.367,0.633,0.6114439614439615,0.23779083959968114
0.006,0.994,0.6294155169155169,0.23779189692242994
0.368,0.632,0.6113848988848989,0.23779607996516097
0.005,0.995,0.6294627669627669,0.23779714314565348
0.369,0.631,0.6113754488754488,0.2378013492991178
0.004,0.996,0.6294982044982045,0.23780241833735416
0.37,0.63,0.6113589113589113,0.23780664760155182
0.003,0.997,0.6295289170289171,0.23780772249753188
0.371,0.629,0.6112856737856738,0.23781197487246292
0.002,0.998,0.6295808920808921,0.2378130556261867
0.372,0.628,0.6112809487809487,0.23781733111185102
0.001,0.999,0.6296092421092421,0.23781841772331863
0.373,0.627,0.6112407862407863,0.23782271631971622
0.0,1.0,0.6297427234927235,0.23782380878892762
0.374,0.626,0.6111982611982613,0.2378281304960586
0.375,0.625,0.6111486486486486,0.23783357364087795
0.376,0.624,0.6111084861084861,0.23783904575417436
0.377,0.623,0.6110305235305236,0.23784454683594797
0.378,0.622,0.6109596484596485,0.23785007688619858
0.379,0.621,0.6108934983934984,0.23785563590492634
0.38,0.62,0.6108297108297108,0.2378612238921311
0.381,0.619,0.6108155358155358,0.23786684084781298
0.382,0.618,0.6107163107163107,0.23787248677197195
0.383,0.617,0.6106737856737857,0.23787816166460798
0.384,0.616,0.6105769230769231,0.2378838655257211
0.385,0.615,0.6105320355320356,0.23788959835531132
0.386,0.614,0.6104469854469854,0.23789536015337862
0.387,0.613,0.6103713853713855,0.23790115091992292
0.388,0.612,0.6102957852957853,0.2379069706549444
0.389,0.611,0.6102225477225477,0.23791281935844288
0.39,0.61,0.6101705726705726,0.2379186970304185
0.391,0.609,0.6100949725949726,0.23792460367087118
0.392,0.608,0.60999810999811,0.23793053927980098
0.393,0.607,0.6099626724626724,0.23793650385720783
0.394,0.606,0.6099083349083348,0.23794249740309178
0.395,0.605,0.6098728973728973,0.23794851991745272
0.396,0.604,0.6098303723303724,0.23795457140029086
0.397,0.603,0.6097524097524097,0.23796065185160603
0.398,0.602,0.6096933471933472,0.2379667612713983
0.399,0.601,0.6096484596484597,0.2379728996596676
0.4,0.6,0.6096012096012096,0.23797906701641403
0.401,0.599,0.6095114345114345,0.23798526334163755
0.402,0.598,0.6094594594594595,0.23799148863533812
0.403,0.597,0.609405121905122,0.2379977428975158
0.404,0.596,0.6093862218862218,0.2380040261281705
0.405,0.595,0.6093058968058969,0.23801033832730234
0.406,0.594,0.6092539217539217,0.23801667949491126
0.40700000000000003,0.593,0.6091594216594216,0.23802304963099724
0.40800000000000003,0.592,0.609072009072009,0.2380294487355603
0.40900000000000003,0.591,0.6089940464940464,0.2380358768086005
0.41000000000000003,0.59,0.6089089964089964,0.23804233385011767
0.41100000000000003,0.589,0.6088357588357589,0.238048819860112
0.41200000000000003,0.588,0.6087766962766963,0.23805533483858338
0.41300000000000003,0.587,0.6086656586656587,0.23806187878553187
0.41400000000000003,0.586,0.6085853335853335,0.23806845170095745
0.41500000000000004,0.585,0.6085050085050084,0.23807505358486009
0.41600000000000004,0.584,0.6084341334341334,0.2380816844372398
0.417,0.583,0.608398695898696,0.2380883442580966
0.418,0.5820000000000001,0.6083561708561709,0.2380950330474305
0.419,0.581,0.6082923832923832,0.23810175080524146
0.42,0.5800000000000001,0.6082356832356832,0.23810849753152943
0.421,0.579,0.6081860706860707,0.23811527322629458
0.422,0.5780000000000001,0.6081222831222832,0.23812207788953677
0.423,0.577,0.6080443205443206,0.23812891152125606
0.424,0.5760000000000001,0.6079994329994329,0.23813577412145245
0.425,0.575,0.6079710829710829,0.23814266569012593
0.426,0.5740000000000001,0.6079285579285579,0.23814958622727644
0.427,0.573,0.6078813078813079,0.23815653573290405
0.428,0.5720000000000001,0.6078316953316953,0.23816351420700868
0.429,0.571,0.6077844452844453,0.23817052164959052
0.43,0.5700000000000001,0.6076993951993952,0.23817755806064936
0.431,0.569,0.6076426951426951,0.2381846234401853
0.432,0.5680000000000001,0.607557645057645,0.2381917177881983
0.433,0.567,0.60750567000567,0.2381988411046884
0.434,0.5660000000000001,0.60745841995842,0.23820599338965556
0.435,0.565,0.6073804573804573,0.23821317464309982
0.436,0.5640000000000001,0.6073261198261198,0.23822038486502117
0.437,0.563,0.6072481572481572,0.2382276240554196
0.438,0.562,0.6071654696654696,0.23823489221429514
0.439,0.5609999999999999,0.6070780570780571,0.23824218934164768
0.44,0.56,0.6070166320166319,0.23824951543747738
0.441,0.5589999999999999,0.6069150444150444,0.2382568705017841
0.442,0.558,0.606865431865432,0.23826425453456793
0.443,0.5569999999999999,0.6067827442827443,0.23827166753582885
0.444,0.556,0.6067047817047817,0.23827910950556686
0.445,0.5549999999999999,0.6066386316386316,0.2382865804437819
0.446,0.554,0.6065819315819316,0.23829408035047406
0.447,0.5529999999999999,0.606513419013419,0.23830160922564333
0.448,0.552,0.6064023814023815,0.23830916706928962
0.449,0.5509999999999999,0.6063527688527689,0.23831675388141302
0.45,0.55,0.6062653562653563,0.2383243696620135
0.451,0.5489999999999999,0.6061708561708562,0.23833201441109106
0.452,0.548,0.6060716310716311,0.2383396881286457
0.453,0.5469999999999999,0.606000756000756,0.23834739081467743
0.454,0.546,0.6059133434133435,0.23835512246918625
0.455,0.5449999999999999,0.6058306558306558,0.23836288309217216
0.456,0.544,0.6057314307314308,0.23837067268363507
0.457,0.5429999999999999,0.6057030807030808,0.23837849124357513
0.458,0.542,0.6056251181251181,0.23838633877199225
0.459,0.5409999999999999,0.6055636930636931,0.2383942152688865
0.46,0.54,0.6054432054432054,0.23840212073425773
0.461,0.5389999999999999,0.6053534303534303,0.2384100551681061
0.462,0.538,0.6053061803061803,0.2384180185704316
0.463,0.5369999999999999,0.6052636552636552,0.2384260109412341
0.464,0.536,0.6052258552258551,0.23843403228051377
0.465,0.5349999999999999,0.6051927801927801,0.23844208258827043
0.466,0.534,0.6051195426195426,0.2384501618645042
0.467,0.5329999999999999,0.6050439425439424,0.23845827010921508
0.468,0.532,0.6049659799659799,0.238466407322403
0.46900000000000003,0.5309999999999999,0.6049494424494424,0.23847457350406803
0.47000000000000003,0.53,0.6048738423738423,0.23848276865421014
0.47100000000000003,0.5289999999999999,0.6047628047628048,0.23849099277282934
0.47200000000000003,0.528,0.6047061047061046,0.23849924585992555
0.47300000000000003,0.5269999999999999,0.6046659421659422,0.23850752791549892
0.47400000000000003,0.526,0.6046092421092422,0.23851583893954936
0.47500000000000003,0.5249999999999999,0.6045478170478169,0.23852417893207686
0.47600000000000003,0.524,0.6044840294840295,0.23853254789308145
0.47700000000000004,0.5229999999999999,0.6044226044226044,0.2385409458225631
0.47800000000000004,0.522,0.6043588168588168,0.23854937272052185
0.47900000000000004,0.5209999999999999,0.6042903042903043,0.2385578285869577
0.48,0.52,0.6042288792288792,0.23856631342187062
0.481,0.519,0.6041580041580041,0.23857482722526066
0.482,0.518,0.6040871290871291,0.2385833699971277
0.483,0.517,0.6040233415233416,0.23859194173747186
0.484,0.516,0.6039831789831789,0.2386005424462931
0.485,0.515,0.6039099414099414,0.23860917212359142
0.486,0.514,0.6038626913626914,0.23861783076936682
0.487,0.513,0.6037894537894538,0.2386265183836193
0.488,0.512,0.6037114912114911,0.2386352349663489
0.489,0.511,0.6036642411642412,0.23864398051755556
0.49,0.51,0.6035957285957285,0.23865275503723923
0.491,0.509,0.6035059535059536,0.23866155852540005
0.492,0.508,0.6033949158949158,0.23867039098203793
0.493,0.507,0.6033051408051409,0.2386792524071529
0.494,0.506,0.6032248157248157,0.238688142800745
0.495,0.505,0.6031539406539406,0.2386970621628141
0.496,0.504,0.603071253071253,0.2387060104933603
0.497,0.503,0.6029554904554905,0.23871498779238362
0.498,0.502,0.602901152901153,0.238723994059884
0.499,0.501,0.6028397278397278,0.23873302929586143
0.5,0.5,0.6027499527499528,0.23874209350031603
0.501,0.499,0.6026649026649027,0.2387511866732476
0.502,0.498,0.6026034776034777,0.2387603088146563
0.503,0.497,0.6025396900396901,0.23876945992454207
0.504,0.496,0.6024475524475524,0.23877864000290494
0.505,0.495,0.6024003024003024,0.2387878490497449
0.506,0.494,0.602364864864865,0.23879708706506195
0.507,0.493,0.6023601398601399,0.23880635404885606
0.508,0.492,0.6023128898128898,0.23881565000112723
0.509,0.491,0.6022420147420147,0.2388249749218755
0.51,0.49,0.6021711396711397,0.23883432881110084
0.511,0.489,0.6021026271026271,0.23884371166880328
0.512,0.488,0.6020293895293896,0.23885312349498283
0.513,0.487,0.6019915894915895,0.2388625642896394
0.514,0.486,0.6018994518994519,0.23887203405277305
0.515,0.485,0.6018380268380268,0.23888153278438382
0.516,0.484,0.6017600642600642,0.2388910604844717
0.517,0.483,0.6016679266679267,0.2389006171530366
0.518,0.482,0.601575789075789,0.23891020279007855
0.519,0.481,0.601509639009639,0.23891981739559767
0.52,0.48,0.601443488943489,0.23892946096959386
0.521,0.479,0.6013702513702514,0.23893913351206708
0.522,0.478,0.6013017388017388,0.23894883502301736
0.523,0.477,0.6012190512190512,0.2389585655024448
0.524,0.476,0.6011576261576261,0.2389683249503493
0.525,0.475,0.601053676053676,0.2389781133667309
0.526,0.474,0.600954450954451,0.2389879307515895
0.527,0.473,0.6008906633906633,0.23899777710492526
0.528,0.472,0.6008221508221508,0.23900765242673805
0.529,0.471,0.6007489132489132,0.23901755671702796
0.53,0.47,0.6007182007182008,0.23902748997579493
0.531,0.469,0.6006307881307881,0.239037452203039
0.532,0.46799999999999997,0.600555188055188,0.23904744339876013
0.533,0.46699999999999997,0.600493762993763,0.2390574635629584
0.534,0.46599999999999997,0.6004228879228879,0.23906751269563364
0.535,0.46499999999999997,0.6003425628425629,0.23907759079678603
0.536,0.46399999999999997,0.6002527877527878,0.23908769786641548
0.537,0.46299999999999997,0.6001748251748251,0.23909783390452202
0.538,0.46199999999999997,0.6000992250992251,0.2391079989111057
0.539,0.46099999999999997,0.600004725004725,0.23911819288616637
0.54,0.45999999999999996,0.5999456624456625,0.23912841582970418
0.541,0.45899999999999996,0.5999078624078624,0.23913866774171907
0.542,0.45799999999999996,0.5998582498582499,0.239148948622211
0.543,0.45699999999999996,0.5997826497826497,0.23915925847118
0.544,0.45599999999999996,0.5997070497070498,0.23916959728862616
0.545,0.45499999999999996,0.5996432621432621,0.23917996507454933
0.546,0.45399999999999996,0.5995889245889245,0.23919036182894962
0.547,0.45299999999999996,0.599529862029862,0.23920078755182697
0.548,0.45199999999999996,0.5994448119448119,0.23921124224318138
0.549,0.45099999999999996,0.5993857493857494,0.23922172590301294
0.55,0.44999999999999996,0.5993054243054243,0.23923223853132153
0.551,0.44899999999999995,0.5992298242298242,0.23924278012810718
0.552,0.44799999999999995,0.5991471366471366,0.23925335069337
0.553,0.44699999999999995,0.5990904365904366,0.2392639502271098
0.554,0.44599999999999995,0.5990384615384615,0.23927457872932673
0.555,0.44499999999999995,0.5989345114345115,0.23928523620002073
0.556,0.44399999999999995,0.5988730863730864,0.23929592263919183
0.557,0.44299999999999995,0.5988518238518239,0.23930663804684
0.558,0.44199999999999995,0.5987809487809488,0.2393173824229652
0.559,0.44099999999999995,0.5986817236817237,0.2393281557675676
0.56,0.43999999999999995,0.5986486486486486,0.23933895808064698
0.561,0.43899999999999995,0.5985612360612361,0.2393497893622035
0.562,0.43799999999999994,0.5984501984501984,0.23936064961223705
0.5630000000000001,0.43699999999999994,0.5983816858816858,0.2393715388307477
0.5640000000000001,0.43599999999999994,0.5983060858060858,0.23938245701773544
0.5650000000000001,0.43499999999999994,0.5982044982044983,0.23939340417320024
0.5660000000000001,0.43399999999999994,0.5981643356643356,0.23940438029714217
0.5670000000000001,0.43299999999999994,0.5980934605934606,0.23941538538956117
0.5680000000000001,0.43199999999999994,0.5980225855225856,0.2394264194504572
0.5690000000000001,0.43099999999999994,0.5979162729162728,0.2394374824798304
0.5700000000000001,0.42999999999999994,0.597864297864298,0.23944857447768056
0.5710000000000001,0.42899999999999994,0.5977981477981478,0.23945969544400791
0.5720000000000001,0.42799999999999994,0.5977650727650727,0.23947084537881227
0.5730000000000001,0.42699999999999994,0.5976918351918352,0.23948202428209373
0.5740000000000001,0.42599999999999993,0.5976185976185977,0.2394932321538523
0.5750000000000001,0.42499999999999993,0.5975737100737102,0.23950446899408792
0.5760000000000001,0.42399999999999993,0.5975004725004724,0.23951573480280067
0.577,0.42300000000000004,0.59745085995086,0.23952702957999042
0.578,0.42200000000000004,0.5973941598941599,0.23953835332565726
0.579,0.42100000000000004,0.5973161973161972,0.23954970603980125
0.58,0.42000000000000004,0.5972311472311472,0.2395610877224223
0.581,0.41900000000000004,0.5971744471744472,0.2395724983735204
0.582,0.41800000000000004,0.5970988470988471,0.23958393799309557
0.583,0.41700000000000004,0.597013797013797,0.2395954065811479
0.584,0.41600000000000004,0.5969381969381968,0.23960690413767724
0.585,0.41500000000000004,0.5968744093744094,0.23961843066268368
0.586,0.41400000000000003,0.5968082593082593,0.2396299861561672
0.587,0.41300000000000003,0.5967184842184842,0.2396415706181278
0.588,0.41200000000000003,0.5966830466830467,0.23965318404856553
0.589,0.41100000000000003,0.5965578340578341,0.2396648264474803
0.59,0.41000000000000003,0.5964940464940465,0.23967649781487216
0.591,0.40900000000000003,0.5964160839160839,0.2396881981507411
0.592,0.40800000000000003,0.5963522963522964,0.23969992745508706
0.593,0.40700000000000003,0.5962955962955963,0.23971168572791013
0.594,0.406,0.5962365337365336,0.23972347296921032
0.595,0.405,0.5961680211680211,0.2397352891789876
0.596,0.404,0.5960664335664336,0.2397471343572419
0.597,0.403,0.5959908334908335,0.23975900850397333
0.598,0.402,0.5959861084861086,0.23977091161918182
0.599,0.401,0.595927045927046,0.23978284370286743
0.6,0.4,0.5958490833490834,0.23979480475503007
0.601,0.399,0.5957356832356833,0.23980679477566985
0.602,0.398,0.5956813456813457,0.23981881376478661
0.603,0.397,0.5955915705915705,0.2398308617223805
0.604,0.396,0.5955254205254206,0.23984293864845155
0.605,0.395,0.5954639954639954,0.2398550445429996
0.606,0.394,0.5954403704403705,0.23986717940602476
0.607,0.393,0.5953954828954828,0.239879343237527
0.608,0.392,0.5953364203364204,0.23989153603750632
0.609,0.391,0.5952631827631828,0.23990375780596265
0.61,0.39,0.5951875826875828,0.23991600854289616
0.611,0.389,0.5950812700812701,0.23992828824830667
0.612,0.388,0.59504347004347,0.23994059692219433
0.613,0.387,0.5949844074844075,0.23995293456455907
0.614,0.386,0.5949442449442449,0.23996530117540088
0.615,0.385,0.5948733698733699,0.23997769675471975
0.616,0.384,0.5948261198261198,0.23999012130251574
0.617,0.383,0.5947268947268947,0.24000257481878876
0.618,0.382,0.5946182196182196,0.24001505730353886
0.619,0.381,0.5945473445473446,0.24002756875676606
0.62,0.38,0.5944339444339444,0.24004010917847035
0.621,0.379,0.5943583443583443,0.2400526785686517
0.622,0.378,0.5942803817803818,0.24006527692731014
0.623,0.377,0.5942213192213193,0.24007790425444572
0.624,0.376,0.594164619164619,0.24009056055005829
0.625,0.375,0.594107919107919,0.240103245814148
0.626,0.374,0.594018144018144,0.24011596004671476
0.627,0.373,0.593961443961444,0.2401287032477586
0.628,0.372,0.5939496314496314,0.2401414754172796
0.629,0.371,0.5938622188622189,0.24015427655527757
0.63,0.37,0.5937771687771687,0.24016710666175264
0.631,0.369,0.5936732186732187,0.24017996573670483
0.632,0.368,0.5935881685881685,0.24019285378013408
0.633,0.367,0.5935125685125685,0.24020577079204045
0.634,0.366,0.5934558684558684,0.24021871677242387
0.635,0.365,0.5933731808731808,0.2402316917212844
0.636,0.364,0.5933259308259308,0.24024469563862197
0.637,0.363,0.5932999432999433,0.24025772852443664
0.638,0.362,0.5932385182385183,0.24027079037872837
0.639,0.361,0.5931747306747307,0.2402838812014972
0.64,0.36,0.5930731430731431,0.24029700099274312
0.641,0.359,0.593054243054243,0.24031014975246612
0.642,0.358,0.593011718011718,0.24032332748066618
0.643,0.357,0.5929077679077679,0.2403365341773433
0.644,0.356,0.5928061803061803,0.24034976984249753
0.645,0.355,0.5927471177471177,0.2403630344761289
0.646,0.354,0.5926691551691552,0.24037632807823728
0.647,0.353,0.5926195426195426,0.24038965064882278
0.648,0.352,0.5925250425250426,0.24040300218788532
0.649,0.351,0.5924447174447175,0.24041638269542498
0.65,0.35,0.5923691173691172,0.2404297921714417
0.651,0.349,0.5922675297675297,0.24044323061593548
0.652,0.348,0.5921895671895672,0.24045669802890635
0.653,0.347,0.592085617085617,0.24047019441035436
0.654,0.346,0.5920147420147419,0.24048371976027938
0.655,0.345,0.591953316953317,0.2404972740786815
0.656,0.344,0.5918942543942544,0.24051085736556066
0.657,0.34299999999999997,0.5918257418257418,0.24052446962091706
0.658,0.34199999999999997,0.5917454167454167,0.24053811084475038
0.659,0.34099999999999997,0.5916580041580042,0.24055178103706085
0.66,0.33999999999999997,0.5915658665658665,0.24056548019784837
0.661,0.33899999999999997,0.5914619164619164,0.24057920832711296
0.662,0.33799999999999997,0.5913461538461539,0.24059296542485467
0.663,0.33699999999999997,0.5912634662634662,0.2406067514910734
0.664,0.33599999999999997,0.5911713286713287,0.2406205665257693
0.665,0.33499999999999996,0.5911193536193536,0.24063441052894224
0.666,0.33399999999999996,0.591050841050841,0.2406482835005923
0.667,0.33299999999999996,0.5909823284823285,0.24066218544071938
0.668,0.33199999999999996,0.5908878283878284,0.24067611634932354
0.669,0.33099999999999996,0.5908311283311283,0.24069007622640484
0.67,0.32999999999999996,0.5907720657720658,0.24070406507196312
0.671,0.32899999999999996,0.5906893781893783,0.2407180828859986
0.672,0.32799999999999996,0.5906066906066906,0.2407321296685111
0.673,0.32699999999999996,0.590486202986203,0.24074620541950068
0.674,0.32599999999999996,0.590405877905878,0.24076031013896737
0.675,0.32499999999999996,0.5903680778680779,0.2407744438269111
0.676,0.32399999999999995,0.5903090153090153,0.24078860648333195
0.677,0.32299999999999995,0.5902499527499527,0.24080279810822988
0.678,0.32199999999999995,0.5902121527121527,0.24081701870160482
0.679,0.32099999999999995,0.5901318276318277,0.2408312682634569
0.68,0.31999999999999995,0.5900231525231525,0.24084554679378609
0.681,0.31899999999999995,0.58995463995464,0.24085985429259235
0.682,0.31799999999999995,0.5898577773577773,0.24087419075987565
0.683,0.31699999999999995,0.5897443772443772,0.2408885561956361
0.684,0.31599999999999995,0.5896498771498773,0.24090295059987354
0.685,0.31499999999999995,0.589550652050652,0.24091737397258814
0.686,0.31399999999999995,0.5894514269514269,0.24093182631377977
0.687,0.31299999999999994,0.5893592893592894,0.24094630762344846
0.6880000000000001,0.31199999999999994,0.5892482517482517,0.24096081790159427
0.6890000000000001,0.31099999999999994,0.5891679266679267,0.24097535714821716
0.6900000000000001,0.30999999999999994,0.5890852390852391,0.24098992536331712
0.6910000000000001,0.30899999999999994,0.588971838971839,0.24100452254689417
0.6920000000000001,0.30799999999999994,0.5888844263844264,0.2410191486989483
0.6930000000000001,0.30699999999999994,0.5887757512757513,0.24103380381947953
0.6940000000000001,0.30599999999999994,0.5886599886599887,0.24104848790848785
0.6950000000000001,0.30499999999999994,0.5885607635607636,0.24106320096597317
0.6960000000000001,0.30399999999999994,0.5884520884520885,0.2410779429919357
0.6970000000000001,0.30299999999999994,0.5883646758646759,0.2410927139863752
0.6980000000000001,0.30199999999999994,0.5883221508221508,0.24110751394929184
0.6990000000000001,0.30099999999999993,0.5882300132300132,0.24112234288068551
0.7000000000000001,0.29999999999999993,0.5881284256284256,0.2411372007805563
0.7010000000000001,0.29899999999999993,0.5880433755433756,0.24115208764890414
0.7020000000000001,0.29799999999999993,0.5879772254772255,0.2411670034857291
0.7030000000000001,0.29699999999999993,0.5879158004158004,0.24118194829103115
0.704,0.29600000000000004,0.5878945378945379,0.24119692206481022
0.705,0.29500000000000004,0.5877905877905878,0.24121192480706646
0.706,0.29400000000000004,0.5877291627291628,0.24122695651779968
0.707,0.29300000000000004,0.5876299376299376,0.24124201719701002
0.708,0.29200000000000004,0.58756615006615,0.24125710684469745
0.709,0.29100000000000004,0.5874385749385749,0.24127222546086202
0.71,0.29000000000000004,0.5873606123606123,0.24128737304550357
0.711,0.28900000000000003,0.5872991872991873,0.2413025495986223
0.712,0.28800000000000003,0.5872519372519373,0.24131775512021802
0.713,0.28700000000000003,0.5871172746172746,0.24133298961029087
0.714,0.28600000000000003,0.5870369495369495,0.2413482530688408
0.715,0.28500000000000003,0.586963711963712,0.24136354549586778
0.716,0.28400000000000003,0.5868715743715743,0.24137886689137186
0.717,0.28300000000000003,0.5868030618030617,0.24139421725535307
0.718,0.28200000000000003,0.5867109242109242,0.2414095965878113
0.719,0.281,0.5866282366282366,0.2414250048887466
0.72,0.28,0.5865479115479115,0.241440442158159
0.721,0.279,0.5864345114345114,0.2414559083960485
0.722,0.278,0.5863541863541863,0.24147140360241506
0.723,0.277,0.5862880362880363,0.2414869277772587
0.724,0.276,0.5862077112077112,0.24150248092057944
0.725,0.275,0.5861132111132111,0.24151806303237722
0.726,0.274,0.5860257985257985,0.24153367411265214
0.727,0.273,0.5859478359478361,0.24154931416140413
0.728,0.272,0.5858533358533359,0.24156498317863317
0.729,0.271,0.5857422982422983,0.2415806811643393
0.73,0.27,0.5856548856548857,0.2415964081185225
0.731,0.269,0.5855816480816481,0.24161216404118283
0.732,0.268,0.5855036855036856,0.24162794893232023
0.733,0.267,0.5854162729162729,0.24164376279193467
0.734,0.266,0.5853264978264978,0.24165960562002622
0.735,0.265,0.5852532602532603,0.2416754774165948
0.736,0.264,0.5851516726516727,0.24169137818164058
0.737,0.263,0.585106785106785,0.24170730791516332
0.738,0.262,0.5849815724815725,0.24172326661716323
0.739,0.261,0.5849295974295975,0.24173925428764018
0.74,0.26,0.5848539973539975,0.2417552709265942
0.741,0.259,0.5847925722925723,0.2417713165340253
0.742,0.258,0.5846980721980722,0.2417873911099335
0.743,0.257,0.5845964845964846,0.24180349465431877
0.744,0.256,0.5844996219996219,0.24181962716718114
0.745,0.255,0.5844145719145719,0.2418357886485206
0.746,0.254,0.5843224343224342,0.24185197909833706
0.747,0.253,0.5842562842562843,0.24186819851663072
0.748,0.252,0.5841877716877717,0.24188444690340136
0.749,0.251,0.5841216216216216,0.24190072425864914
0.75,0.25,0.5840790965790965,0.24191703058237396
0.751,0.249,0.5839845964845964,0.2419333658745759
0.752,0.248,0.5838995463995464,0.2419497301352549
0.753,0.247,0.5838522963522963,0.24196612336441095
0.754,0.246,0.5837790587790587,0.24198254556204415
0.755,0.245,0.5836916461916462,0.24199899672815436
0.756,0.244,0.5836184086184086,0.24201547686274175
0.757,0.243,0.583502646002646,0.24203198596580616
0.758,0.242,0.5834577584577585,0.24204852403734764
0.759,0.241,0.5833632583632584,0.2420650910773662
0.76,0.24,0.5832782082782083,0.24208168708586186
0.761,0.239,0.5831955206955207,0.2420983120628346
0.762,0.238,0.583084483084483,0.24211496600828442
0.763,0.237,0.5829899829899831,0.24213164892221134
0.764,0.236,0.5828836703836704,0.24214836080461527
0.765,0.235,0.5827938952938952,0.24216510165549635
0.766,0.23399999999999999,0.5827159327159327,0.2421818714748545
0.767,0.23299999999999998,0.5826474201474201,0.2421986702626897
0.768,0.23199999999999998,0.5825269325269326,0.24221549801900202
0.769,0.23099999999999998,0.5824560574560576,0.2422323547437914
0.77,0.22999999999999998,0.5823899073899074,0.2422492404370579
0.771,0.22899999999999998,0.5822883197883199,0.24226615509880148
0.772,0.22799999999999998,0.5822339822339823,0.24228309872902204
0.773,0.22699999999999998,0.5821631071631072,0.2423000713277198
0.774,0.22599999999999998,0.5820851445851445,0.24231707289489457
0.775,0.22499999999999998,0.5819906444906444,0.24233410343054643
0.776,0.22399999999999998,0.5818866943866945,0.24235116293467537
0.777,0.22299999999999998,0.5817709317709318,0.24236825140728144
0.778,0.22199999999999998,0.5816882441882442,0.24238536884836454
0.779,0.22099999999999997,0.5815984690984691,0.24240251525792475
0.78,0.21999999999999997,0.5815252315252315,0.24241969063596203
0.781,0.21899999999999997,0.581428368928369,0.24243689498247636
0.782,0.21799999999999997,0.5813527688527689,0.24245412829746782
0.783,0.21699999999999997,0.5812511812511812,0.24247139058093634
0.784,0.21599999999999997,0.5811755811755812,0.24248868183288197
0.785,0.21499999999999997,0.5810739935739936,0.24250600205330464
0.786,0.21399999999999997,0.580981855981856,0.24252335124220442
0.787,0.21299999999999997,0.5809062559062559,0.24254072939958127
0.788,0.21199999999999997,0.5808141183141183,0.24255813652543515
0.789,0.21099999999999997,0.5807054432054432,0.2425755726197662
0.79,0.20999999999999996,0.5806156681156682,0.2425930376825743
0.791,0.20899999999999996,0.580535343035343,0.24261053171385946
0.792,0.20799999999999996,0.5804573804573805,0.2426280547136217
0.793,0.20699999999999996,0.5803959553959553,0.24264560668186103
0.794,0.20599999999999996,0.5803061803061803,0.24266318761857744
0.795,0.20499999999999996,0.5802849177849179,0.24268079752377095
0.796,0.20399999999999996,0.5802116802116802,0.24269843639744154
0.797,0.20299999999999996,0.5801242676242676,0.24271610423958917
0.798,0.20199999999999996,0.5800439425439425,0.24273380105021394
0.799,0.20099999999999996,0.5799636174636175,0.24275152682931578
0.8,0.19999999999999996,0.5798620298620298,0.2427692815768947
0.801,0.19899999999999995,0.5797746172746173,0.24278706529295066
0.802,0.19799999999999995,0.5796824796824797,0.24280487797748374
0.803,0.19699999999999995,0.5795927045927046,0.24282271963049387
0.804,0.19599999999999995,0.579505292005292,0.24284059025198113
0.805,0.19499999999999995,0.5794415044415044,0.2428584898419454
0.806,0.19399999999999995,0.5793848043848044,0.2428764184003868
0.807,0.19299999999999995,0.5793210168210169,0.24289437592730526
0.808,0.19199999999999995,0.5792832167832168,0.24291236242270084
0.809,0.19099999999999995,0.5791934416934417,0.24293037788657346
0.81,0.18999999999999995,0.5790705915705916,0.24294842231892316
0.811,0.18899999999999995,0.5790469665469665,0.24296649571974996
0.812,0.18799999999999994,0.5789619164619165,0.24298459808905384
0.8130000000000001,0.18699999999999994,0.5788792288792288,0.24300272942683482
0.8140000000000001,0.18599999999999994,0.5787870912870914,0.24302088973309288
0.8150000000000001,0.18499999999999994,0.5787233037233037,0.24303907900782795
0.8160000000000001,0.18399999999999994,0.5786358911358911,0.24305729725104017
0.8170000000000001,0.18299999999999994,0.5785815535815536,0.24307554446272947
0.8180000000000001,0.18199999999999994,0.578513041013041,0.2430938206428958
0.8190000000000001,0.18099999999999994,0.5784043659043658,0.24311212579153926
0.8200000000000001,0.17999999999999994,0.5782626157626157,0.24313045990865978
0.8210000000000001,0.17899999999999994,0.5782082782082782,0.2431488229942574
0.8220000000000001,0.17799999999999994,0.5780925155925156,0.24316721504833208
0.8230000000000001,0.17699999999999994,0.578000378000378,0.24318563607088384
0.8240000000000001,0.17599999999999993,0.5779295029295031,0.24320408606191274
0.8250000000000001,0.17499999999999993,0.5778728028728028,0.24322256502141865
0.8260000000000001,0.17399999999999993,0.5777570402570402,0.24324107294940164
0.8270000000000001,0.17299999999999993,0.5776814401814403,0.24325960984586173
0.8280000000000001,0.17199999999999993,0.5775869400869402,0.24327817571079896
0.8290000000000001,0.17099999999999993,0.57751134001134,0.24329677054421317
0.8300000000000001,0.16999999999999993,0.57742628992629,0.24331539434610452
0.8310000000000001,0.16899999999999993,0.5773388773388773,0.24333404711647294
0.8320000000000001,0.16799999999999993,0.5772680022680023,0.24335272885531847
0.833,0.16700000000000004,0.5771687771687772,0.24337143956264107
0.834,0.16600000000000004,0.577055377055377,0.2433901792384407
0.835,0.16500000000000004,0.5769537894537895,0.24340894788271744
0.836,0.16400000000000003,0.5768711018711019,0.2434277454954713
0.837,0.16300000000000003,0.5767813267813268,0.24344657207670217
0.838,0.16200000000000003,0.5767293517293518,0.24346542762641019
0.839,0.16100000000000003,0.5766750141750142,0.24348431214459526
0.84,0.16000000000000003,0.5765734265734266,0.2435032256312574
0.841,0.15900000000000003,0.5765001890001891,0.24352216808639665
0.842,0.15800000000000003,0.576419863919864,0.24354113951001294
0.843,0.15700000000000003,0.5763277263277264,0.24356013990210634
0.844,0.15600000000000003,0.5762544887544888,0.24357916926267686
0.845,0.15500000000000003,0.5761977886977887,0.24359822759172442
0.846,0.15400000000000003,0.5760962010962011,0.243617314889249
0.847,0.15300000000000002,0.5760253260253261,0.24363643115525072
0.848,0.15200000000000002,0.5759355509355508,0.24365557638972954
0.849,0.15100000000000002,0.5758174258174258,0.24367475059268542
0.85,0.15000000000000002,0.5757583632583633,0.2436939537641184
0.851,0.14900000000000002,0.5756189756189756,0.24371318590402843
0.852,0.14800000000000002,0.5755433755433756,0.2437324470124156
0.853,0.14700000000000002,0.5754488754488756,0.2437517370892798
0.854,0.14600000000000002,0.5753756378756378,0.24377105613462108
0.855,0.14500000000000002,0.5752598752598752,0.24379040414843947
0.856,0.14400000000000002,0.5751606501606501,0.24380978113073487
0.857,0.14300000000000002,0.5751015876015877,0.24382918708150741
0.858,0.14200000000000002,0.5750165375165375,0.243848622000757
0.859,0.14100000000000001,0.574919674919675,0.24386808588848374
0.86,0.14,0.5748440748440748,0.2438875787446875
0.861,0.139,0.5747873747873747,0.24390710056936835
0.862,0.138,0.5747212247212248,0.24392665136252628
0.863,0.137,0.5746314496314496,0.2439462311241613
0.864,0.136,0.574558212058212,0.24396583985427342
0.865,0.135,0.5744188244188244,0.2439854775528626
0.866,0.134,0.5742865242865243,0.24400514421992886
0.867,0.133,0.5741967491967492,0.24402483985547224
0.868,0.132,0.5740975240975241,0.24404456445949263
0.869,0.131,0.574021924021924,0.24406431803199014
0.87,0.13,0.5738896238896238,0.24408410057296476
0.871,0.129,0.5737927612927612,0.24410391208241639
0.872,0.128,0.5737029862029862,0.24412375256034513
0.873,0.127,0.5736368361368361,0.244143622006751
0.874,0.126,0.573565961065961,0.24416352042163394
0.875,0.125,0.573471460971461,0.2441834478049939
0.876,0.124,0.5734171234171235,0.24420340415683098
0.877,0.123,0.5733391608391608,0.24422338947714517
0.878,0.122,0.5732871857871857,0.24424340376593637
0.879,0.121,0.5732068607068608,0.24426344702320468
0.88,0.12,0.573105273105273,0.24428351924895012
0.881,0.119,0.5729989604989605,0.24430362044317255
0.882,0.118,0.5728713853713854,0.2443237506058721
0.883,0.11699999999999999,0.5727745227745228,0.24434390973704878
0.884,0.11599999999999999,0.5726918351918352,0.24436409783670252
0.885,0.11499999999999999,0.5726067851067851,0.24438431490483334
0.886,0.11399999999999999,0.5725146475146474,0.2444045609414412
0.887,0.11299999999999999,0.5723847098847098,0.24442483594652617
0.888,0.11199999999999999,0.5723138348138348,0.2444451399200882
0.889,0.11099999999999999,0.5722382347382348,0.24446547286212736
0.89,0.10999999999999999,0.5721271971271972,0.2444858347726436
0.891,0.10899999999999999,0.5720256095256095,0.24450622565163688
0.892,0.10799999999999998,0.571942921942922,0.24452664549910724
0.893,0.10699999999999998,0.5718531468531468,0.24454709431505467
0.894,0.10599999999999998,0.5717491967491968,0.24456757209947927
0.895,0.10499999999999998,0.5716287091287091,0.24458807885238082
0.896,0.10399999999999998,0.5715389340389341,0.24460861457375957
0.897,0.10299999999999998,0.5714751464751464,0.24462917926361535
0.898,0.10199999999999998,0.5714066339066339,0.2446497729219482
0.899,0.10099999999999998,0.5712743337743338,0.2446703955487581
0.9,0.09999999999999998,0.5711845586845588,0.2446910471440452
0.901,0.09899999999999998,0.5710971460971461,0.2447117277078093
0.902,0.09799999999999998,0.5709955584955585,0.24473243724005048
0.903,0.09699999999999998,0.5709223209223209,0.24475317574076874
0.904,0.09599999999999997,0.5708254583254584,0.24477394320996407
0.905,0.09499999999999997,0.5707215082215082,0.2447947396476365
0.906,0.09399999999999997,0.5706104706104707,0.24481556505378604
0.907,0.09299999999999997,0.5704970704970704,0.24483641942841264
0.908,0.09199999999999997,0.5704025704025705,0.2448573027715163
0.909,0.09099999999999997,0.5702962577962578,0.24487821508309707
0.91,0.08999999999999997,0.5702041202041203,0.24489915636315487
0.911,0.08899999999999997,0.5700930825930826,0.24492012661168985
0.912,0.08799999999999997,0.5700174825174825,0.24494112582870184
0.913,0.08699999999999997,0.5699418824418825,0.2449621540141909
0.914,0.08599999999999997,0.569925344925345,0.24498321116815708
0.915,0.08499999999999996,0.5698568323568324,0.24500429729060033
0.916,0.08399999999999996,0.5697434322434323,0.24502541238152065
0.917,0.08299999999999996,0.5696205821205822,0.24504655644091802
0.918,0.08199999999999996,0.569530807030807,0.24506772946879252
0.919,0.08099999999999996,0.5694268569268569,0.2450889314651441
0.92,0.07999999999999996,0.5693276318276318,0.24511016242997272
0.921,0.07899999999999996,0.5692473067473067,0.24513142236327845
0.922,0.07799999999999996,0.5691906066906067,0.24515271126506125
0.923,0.07699999999999996,0.5691150066150066,0.24517402913532116
0.924,0.07599999999999996,0.5690205065205065,0.24519537597405816
0.925,0.07499999999999996,0.5689496314496314,0.24521675178127214
0.926,0.07399999999999995,0.5688433188433188,0.24523815655696332
0.927,0.07299999999999995,0.5687488187488188,0.2452595903011315
0.928,0.07199999999999995,0.5686212436212437,0.24528105301377684
0.929,0.07099999999999995,0.5685220185220186,0.24530254469489923
0.93,0.06999999999999995,0.5684464184464184,0.24532406534449866
0.931,0.06899999999999995,0.5683637308637308,0.24534561496257523
0.932,0.06799999999999995,0.5682526932526932,0.24536719354912886
0.933,0.06699999999999995,0.5681770931770931,0.2453888011041595
0.934,0.06599999999999995,0.5681038556038556,0.24541043762766734
0.935,0.06499999999999995,0.568016443016443,0.24543210311965222
0.936,0.06399999999999995,0.5679313929313929,0.24545379758011418
0.937,0.06299999999999994,0.5678392553392553,0.24547552100905318
0.9380000000000001,0.061999999999999944,0.5677447552447552,0.24549727340646926
0.9390000000000001,0.06099999999999994,0.5676408051408051,0.24551905477236247
0.9400000000000001,0.05999999999999994,0.5675439425439426,0.24554086510673276
0.9410000000000001,0.05899999999999994,0.5674825174825175,0.2455627044095801
0.9420000000000001,0.05799999999999994,0.5673927423927424,0.24558457268090456
0.9430000000000001,0.05699999999999994,0.5673454923454924,0.24560646992070606
0.9440000000000001,0.05599999999999994,0.5672604422604423,0.2456283961289847
0.9450000000000001,0.05499999999999994,0.5671942921942922,0.2456503513057403
0.9460000000000001,0.05399999999999994,0.5670738045738045,0.2456723354509731
0.9470000000000001,0.052999999999999936,0.566981666981667,0.24569434856468295
0.9480000000000001,0.051999999999999935,0.5669155169155169,0.24571639064686987
0.9490000000000001,0.050999999999999934,0.5668540918540919,0.24573846169753388
0.9500000000000001,0.04999999999999993,0.5667737667737667,0.24576056171667499
0.9510000000000001,0.04899999999999993,0.5666272916272916,0.2457826907042931
0.9520000000000001,0.04799999999999993,0.5665564165564165,0.2458048486603884
0.9530000000000001,0.04699999999999993,0.566525704025704,0.2458270355849607
0.9540000000000001,0.04599999999999993,0.5664335664335665,0.24584925147801007
0.9550000000000001,0.04499999999999993,0.5663437913437914,0.24587149633953662
0.9560000000000001,0.04399999999999993,0.5662894537894538,0.24589377016954017
0.9570000000000001,0.04299999999999993,0.5661996786996787,0.24591607296802084
0.9580000000000001,0.041999999999999926,0.566121716121716,0.24593840473497855
0.9590000000000001,0.040999999999999925,0.5660177660177661,0.2459607654704134
0.96,0.040000000000000036,0.5659374409374409,0.24598315517432534
0.961,0.039000000000000035,0.5658642033642034,0.24600557384671426
0.962,0.038000000000000034,0.5657697032697033,0.24602802148758035
0.963,0.03700000000000003,0.5656775656775657,0.2460504980969235
0.964,0.03600000000000003,0.5655570780570781,0.2460730036747437
0.965,0.03500000000000003,0.5654602154602154,0.246095538221041
0.966,0.03400000000000003,0.5654153279153279,0.24611810173581533
0.967,0.03300000000000003,0.5653515403515403,0.24614069421906684
0.968,0.03200000000000003,0.5652570402570403,0.24616331567079536
0.969,0.031000000000000028,0.5651365526365526,0.246185966091001
0.97,0.030000000000000027,0.56499243999244,0.2462086454796837
0.971,0.029000000000000026,0.5648955773955774,0.24623135383684353
0.972,0.028000000000000025,0.5648625023625024,0.2462540911624804
0.973,0.027000000000000024,0.5647939897939899,0.24627685745659433
0.974,0.026000000000000023,0.5646924021924021,0.24629965271918539
0.975,0.025000000000000022,0.5646215271215271,0.24632247695025353
0.976,0.02400000000000002,0.564536477036477,0.2463453301497987
0.977,0.02300000000000002,0.5644443394443395,0.24636821231782097
0.978,0.02200000000000002,0.5643403893403893,0.24639112345432032
0.979,0.02100000000000002,0.5642411642411642,0.2464140635592968
0.98,0.020000000000000018,0.5641655641655641,0.2464370326327503
0.981,0.019000000000000017,0.5640970515970516,0.24646003067468092
0.982,0.018000000000000016,0.5639978264978265,0.24648305768508857
0.983,0.017000000000000015,0.5638867888867888,0.24650611366397335
0.984,0.016000000000000014,0.5638419013419014,0.2465291986113352
0.985,0.015000000000000013,0.5637828387828387,0.24655231252717413
0.986,0.014000000000000012,0.5636788886788886,0.24657545541149015
0.987,0.013000000000000012,0.5635985635985636,0.24659862726428325
0.988,0.01200000000000001,0.563525326025326,0.24662182808555344
0.989,0.01100000000000001,0.5633859383859383,0.24664505787530067
0.99,0.010000000000000009,0.5632843507843508,0.246668316633525
0.991,0.009000000000000008,0.5632158382158382,0.2466916043602264
0.992,0.008000000000000007,0.5630906255906256,0.2467149210554049
0.993,0.007000000000000006,0.5629583254583255,0.2467382667190605
0.994,0.006000000000000005,0.5628449253449253,0.24676164135119316
0.995,0.0050000000000000044,0.5627126252126252,0.2467850449518029
0.996,0.0040000000000000036,0.5625992250992251,0.2468084775208897
0.997,0.0030000000000000027,0.5625212625212626,0.2468319390584536
0.998,0.0020000000000000018,0.5624432999433,0.24685542956449458
0.999,0.0010000000000000009,0.5623204498204498,0.24687894903901267
1.0,0.0,0.5621975996975997,0.24690249748200782
